id_genoscope	site	K2	K3	K4
DBR_ACW	Cacao	Pop_2	Pop_2	Pop_2
DBR_ACX	Cacao	Pop_2	Pop_2	Pop_2
DBR_ACZ	MC_87	Pop_2	Pop_3	Pop_3
DBR_ADA	MC_88	Pop_2	Pop_3	Pop_3
DBR_ADB	Cacao	Pop_2	Pop_2	Pop_2
DBR_ADC	MC_88	Pop_2	Pop_3	Pop_3
DBR_ADD	MC_88	Pop_2	Pop_3	Pop_3
DBR_ADE	MC_87	Pop_2	Pop_3	Pop_3
DBR_ADF	Regina	Pop_2	Pop_2	Pop_2
DBR_ADG	MC_88	Pop_2	Pop_3	Pop_3
DBR_ADH	Foret_Regina_St_Georges	Pop_2	Pop_3	Pop_3
DBR_ADI	St_georges	Pop_2	Pop_2	Pop_4
DBR_ADJ	Saut_Lavilette	Pop_2	Pop_3	Pop_3
DBR_ADK	Saut_Lavilette	Pop_2	Pop_3	Pop_3
DBR_ADL	Saut_Lavilette	Pop_2	Pop_3	Pop_3
DBR_ADO	MC_87	Pop_2	Pop_3	Pop_3
DBR_ADP	Saut_Lavilette	Pop_2	Pop_3	Pop_3
DBR_ADQ	Nouragues_Inselberg	Pop_2	Pop_2	Pop_2
DBR_ADR	St_georges	Pop_2	Pop_2	Pop_4
DBR_ADT	Regina	Pop_2	Pop_2	Pop_2
DBR_ADU	Foret_Regina_St_Georges	Pop_2	Pop_3	Pop_3
DBR_ADW	Foret_Regina_St_Georges	Pop_2	Pop_3	Pop_3
DBR_ADX	Apatou	Pop_1	Pop_1	Pop_1
DBR_ADY	Foret_Regina_St_Georges	Pop_2	Pop_3	Pop_3
DBR_ADZ	Saut_Lavilette	Pop_2	Pop_3	Pop_3
DBR_AEA	Apatou	Pop_1	Pop_1	Pop_1
DBR_AEB	Apatou	Pop_1	Pop_1	Pop_1
DBR_AEC	Regina	Pop_2	Pop_2	Pop_2
DBR_AED	MC_88	Pop_2	Pop_3	Pop_3
DBR_AEE	Acarouany	Pop_1	Pop_1	Pop_1
DBR_AEF	St_georges	Pop_2	Pop_2	Pop_4
DBR_AEG	MC_88	Pop_2	Pop_3	Pop_3
DBR_AEH	St_georges	Pop_2	Pop_2	Pop_4
DBR_AEI	Nouragues_Inselberg	Pop_2	Pop_2	Pop_2
DBR_AEJ	Piste_St_Elie	Pop_2	Pop_2	Pop_2
DBR_AEK	Acarouany	Pop_1	Pop_1	Pop_1
DBR_AEL	Regina	Pop_2	Pop_2	Pop_2
DBR_AEM	Nouragues_Inselberg	Pop_2	Pop_2	Pop_2
DBR_AEN	MC_88	Pop_2	Pop_3	Pop_3
DBR_AEO	Piste_St_Elie	Pop_2	Pop_2	Pop_2
DBR_AEP	St_georges	Pop_2	Pop_2	Pop_4
DBR_AEQ	Regina	Pop_2	Pop_2	Pop_2
DBR_AER	Nouragues_Inselberg	Pop_2	Pop_2	Pop_2
DBR_AES	Foret_Regina_St_Georges	Pop_2	Pop_3	Pop_3
DBR_AET	Saut_Lavilette	Pop_2	Pop_3	Pop_3
DBR_AEU	Nouragues_Inselberg	Pop_2	Pop_2	Pop_2
DBR_AEV	Cacao	Pop_2	Pop_2	Pop_2
DBR_AEW	MC_88	Pop_2	Pop_3	Pop_3
DBR_AEX	Piste_St_Elie	Pop_2	Pop_2	Pop_2
DBR_AEY	Acarouany	Pop_1	Pop_1	Pop_1
DBR_AEZ	Apatou	Pop_1	Pop_1	Pop_1
DBR_AFA	Nouragues_Inselberg	Pop_2	Pop_2	Pop_2
DBR_AFB	Nouragues_Inselberg	Pop_2	Pop_2	Pop_2
DBR_AFC	Foret_Regina_St_Georges	Pop_2	Pop_3	Pop_3
DBR_AFD	Piste_St_Elie	Pop_2	Pop_2	Pop_2
DBR_AFE	Nouragues_Inselberg	Pop_2	Pop_2	Pop_2
DBR_AFF	Apatou	Pop_1	Pop_1	Pop_1
DBR_AFG	Cacao	Pop_2	Pop_2	Pop_2
DBR_AFH	Cacao	Pop_2	Pop_2	Pop_2
DBR_AFI	Nouragues_Inselberg	Pop_2	Pop_2	Pop_2
DBR_AFJ	Nouragues_Inselberg	Pop_2	Pop_2	Pop_2
DBR_AFK	MC_87	Pop_2	Pop_3	Pop_3
DBR_AFL	Apatou	Pop_1	Pop_1	Pop_1
DBR_AFM	Piste_St_Elie	Pop_2	Pop_2	Pop_2
DBR_AFN	Acarouany	Pop_1	Pop_1	Pop_1
DBR_AFO	Nouragues_Inselberg	Pop_2	Pop_2	Pop_2
DBR_AFP	Acarouany	Pop_1	Pop_1	Pop_1
DBR_AFQ	Acarouany	Pop_1	Pop_1	Pop_1
DBR_AFR	Acarouany	Pop_1	Pop_1	Pop_1
DBR_AFS	Nouragues_Inselberg	Pop_2	Pop_2	Pop_2
DBR_AFT	Nouragues_Inselberg	Pop_2	Pop_2	Pop_2
DBR_AFU	Acarouany	Pop_1	Pop_1	Pop_1
DBR_AFV	Saut_Lavilette	Pop_2	Pop_3	Pop_3
DBR_AFW	Saut_Lavilette	Pop_2	Pop_3	Pop_3
DBR_AFX	Apatou	Pop_1	Pop_1	Pop_1
DBR_AFY	St_georges	Pop_2	Pop_2	Pop_4
DBR_AFZ	St_georges	Pop_2	Pop_2	Pop_4
DBR_AGA	Regina	Pop_2	Pop_2	Pop_2
DBR_AGB	Apatou	Pop_1	Pop_1	Pop_1
DBR_AGC	St_georges	Pop_2	Pop_2	Pop_4
DBR_AGD	Nouragues_Inselberg	Pop_2	Pop_2	Pop_2
DBR_AGE	Regina	Pop_2	Pop_2	Pop_2
DBR_AGF	Foret_Regina_St_Georges	Pop_2	Pop_3	Pop_3
DBR_AGG	Piste_St_Elie	Pop_2	Pop_2	Pop_2
DBR_AGH	Nouragues_Inselberg	Pop_2	Pop_2	Pop_2
DBR_AGI	Regina	Pop_2	Pop_2	Pop_2
DSW_AAAA	Crique_Tigre	Pop_2	Pop_2	Pop_2
DSW_AAAB	Crique_Tigre	Pop_2	Pop_2	Pop_2
DSW_AAAC	Crique_Tigre	Pop_2	Pop_2	Pop_2
DSW_AAAD	Crique_Tigre	Pop_2	Pop_2	Pop_2
DSW_AAAE	Crique_Tigre	Pop_2	Pop_2	Pop_2
DSW_AAAF	Crique_Tigre	Pop_2	Pop_2	Pop_2
DSW_AAAG	Crique_Tigre	Pop_2	Pop_2	Pop_2
DSW_AAAH	Crique_Tigre	Pop_2	Pop_2	Pop_2
DSW_AAAI	Crique_Tigre	Pop_2	Pop_2	Pop_2
DSW_AAAJ	Crique_Tigre	Pop_2	Pop_2	Pop_2
DSW_AAAK	Maripasoula	Pop_1	Pop_1	Pop_1
DSW_AAAL	Maripasoula	Pop_1	Pop_1	Pop_1
DSW_AAAM	Maripasoula	Pop_1	Pop_1	Pop_1
DSW_AAAN	Maripasoula	Pop_1	Pop_1	Pop_1
DSW_AAAP	Maripasoula	Pop_1	Pop_1	Pop_1
DSW_AAAQ	Maripasoula	Pop_1	Pop_1	Pop_1
DSW_AAAR	Maripasoula	Pop_1	Pop_1	Pop_1
DSW_AAAS	Maripasoula	Pop_1	Pop_1	Pop_1
DSW_AAAT	Maripasoula	Pop_1	Pop_1	Pop_1
DSW_AAAU	Petit_Croissant	Pop_2	Pop_2	Pop_4
DSW_AAAW	Petit_Croissant	Pop_2	Pop_2	Pop_4
DSW_AAAX	Petit_Croissant	Pop_2	Pop_2	Pop_4
DSW_AAAY	Petit_Croissant	Pop_2	Pop_2	Pop_4
DSW_AAAZ	Petit_Croissant	Pop_2	Pop_2	Pop_4
DSW_AABA	Petit_Croissant	Pop_2	Pop_2	Pop_4
DSW_AABB	Petit_Croissant	Pop_2	Pop_2	Pop_4
DSW_AABC	Petit_Croissant	Pop_2	Pop_2	Pop_4
DSW_AABE	Trinite	Pop_1	Pop_1	Pop_1
DSW_AABF	Trinite	Pop_1	Pop_1	Pop_1
DSW_AABG	Trinite	Pop_1	Pop_1	Pop_1
DSW_AABH	Trinite	Pop_1	Pop_1	Pop_1
DSW_AABI	Trinite	Pop_1	Pop_1	Pop_1
DSW_AABJ	Trinite	Pop_1	Pop_1	Pop_1
DSW_AABK	Trinite	Pop_1	Pop_1	Pop_1
DSW_AABL	Trinite	Pop_1	Pop_1	Pop_1
DSW_AABM	Trinite	Pop_1	Pop_1	Pop_1
DSW_AABN	Trinite	Pop_1	Pop_1	Pop_1
DSW_AABW	Saut_Takari	Pop_2	Pop_2	Pop_2
DSW_AABX	Saut_Takari	Pop_2	Pop_2	Pop_2
DSW_AABY	Montagne_Fer	Pop_1	Pop_1	Pop_1
DSW_AABZ	Montagne_Fer	Pop_1	Pop_1	Pop_1
DSW_AACA	Montagne_Fer	Pop_1	Pop_1	Pop_1
DSW_AACB	Montagne_Fer	Pop_1	Pop_1	Pop_1
DSW_AACC	Montagne_Fer	Pop_1	Pop_1	Pop_1
DSW_AACD	Montagne_Fer	Pop_1	Pop_1	Pop_1
DSW_AACE	Montagne_Fer	Pop_1	Pop_1	Pop_1
DSW_AACF	Montagne_Fer	Pop_1	Pop_1	Pop_1
DSW_AACG	Montagne_Fer	Pop_1	Pop_1	Pop_1
DSW_AACH	Montagne_Fer	Pop_1	Pop_1	Pop_1
DSW_AACI	Chutes_Voltaires	Pop_1	Pop_1	Pop_1
DSW_AACJ	Chutes_Voltaires	Pop_1	Pop_1	Pop_1
DSW_AACK	Chutes_Voltaires	Pop_1	Pop_1	Pop_1
DSW_AACL	Chutes_Voltaires	Pop_1	Pop_1	Pop_1
DSW_AACM	Chutes_Voltaires	Pop_1	Pop_1	Pop_1
DSW_AACN	Chutes_Voltaires	Pop_1	Pop_1	Pop_1
DSW_AACO	Chutes_Voltaires	Pop_1	Pop_1	Pop_1
DSW_AACP	Chutes_Voltaires	Pop_1	Pop_1	Pop_1
DSW_AACQ	Chutes_Voltaires	Pop_1	Pop_1	Pop_1
DSW_AACR	Chutes_Voltaires	Pop_1	Pop_1	Pop_1
DSW_AACS	Saul	Pop_1	Pop_1	Pop_1
DSW_AACT	Saul	Pop_1	Pop_1	Pop_1
DSW_AACU	Saul	Pop_1	Pop_1	Pop_1
DSW_AACV	Saul	Pop_1	Pop_1	Pop_1
DSW_AACW	Saul	Pop_1	Pop_1	Pop_1
DSW_AACX	Saul	Pop_1	Pop_1	Pop_1
DSW_AACY	Saul	Pop_1	Pop_1	Pop_1
DSW_AACZ	Saul	Pop_1	Pop_1	Pop_1
DSW_AADA	Saul	Pop_1	Pop_1	Pop_1
DSW_AADB	Saul	Pop_1	Pop_1	Pop_1
