sample_id	total_reads	mapped_reads	mapped_percent	avg_depth_q20
DBR_ACW	54361530	51907085	95.48	11.9312
DBR_ACX	61758284	59685264	96.64	13.4699
DBR_ACY	54345732	25999753	47.84	0.5949
DBR_ACZ	41642224	40881358	98.17	9.1258
DBR_ADA	52072347	51296248	98.51	10.8541
DBR_ADB	61009458	58549682	95.97	12.9739
DBR_ADC	42373988	41212226	97.26	8.8960
DBR_ADD	51926051	50604359	97.45	11.3481
DBR_ADE	39430705	38663718	98.05	8.2942
DBR_ADF	58495455	55148871	94.28	12.4167
DBR_ADG	56484177	55594405	98.42	11.8427
DBR_ADH	58657166	57951887	98.80	12.1663
DBR_ADI	76927461	73849126	96.00	16.6036
DBR_ADJ	45602818	43390038	95.15	8.7635
DBR_ADK	54905442	52715171	96.01	11.8436
DBR_ADL	63224463	61293808	96.95	12.8435
DBR_ADM	66397631	20087010	30.25	0.5520
DBR_ADN	39449025	25022945	63.43	0.4051
DBR_ADO	66473149	64198790	96.58	13.8570
DBR_ADP	49041842	48000342	97.88	10.3778
DBR_ADQ	45351767	44271437	97.62	9.3121
DBR_ADR	87481309	83584358	95.55	18.9578
DBR_ADS	52404072	14665194	27.98	0.6307
DBR_ADT	75898524	75153484	99.02	15.3263
DBR_ADU	67965575	66976264	98.54	14.0615
DBR_ADV	43407446	27699156	63.81	0.4616
DBR_ADW	63178977	62302440	98.61	12.8283
DBR_ADX	56964145	54766498	96.14	12.5024
DBR_ADY	108874453	107072173	98.34	22.7902
DBR_ADZ	90316855	88540899	98.03	18.6925
DBR_AEA	54782277	53597913	97.84	12.2633
DBR_AEB	60908509	57781762	94.87	13.2178
DBR_AEC	63476684	60896814	95.94	13.8740
DBR_AED	60623443	59568477	98.26	12.6039
DBR_AEE	66127317	65201513	98.60	13.0666
DBR_AEF	68324585	64873706	94.95	14.7790
DBR_AEG	40569655	39909306	98.37	8.7912
DBR_AEH	120935776	116371676	96.23	25.6775
DBR_AEI	68075893	66578012	97.80	14.0262
DBR_AEJ	50161495	48285143	96.26	10.8599
DBR_AEK	86021437	83690199	97.29	18.0574
DBR_AEL	53313518	51178867	96.00	11.4109
DBR_AEM	49544029	48888384	98.68	10.1141
DBR_AEN	43378979	42988624	99.10	9.2160
DBR_AEO	87290642	82309771	94.29	17.9843
DBR_AEP	66882155	65177769	97.45	14.5143
DBR_AEQ	46674623	42850623	91.81	9.6347
DBR_AER	58359045	56753629	97.25	12.3070
DBR_AES	48631849	47933942	98.56	10.1386
DBR_AET	60879295	59149127	97.16	12.3444
DBR_AEU	46710334	45743506	97.93	9.2791
DBR_AEV	61452567	58686032	95.50	13.2198
DBR_AEW	58751475	54666656	93.05	12.1297
DBR_AEX	67240057	64401756	95.78	14.8231
DBR_AEY	65517503	64300092	98.14	13.8560
DBR_AEZ	73567958	68994313	93.78	15.0579
DBR_AFA	73431493	71317682	97.12	15.3065
DBR_AFB	71603217	69795242	97.48	15.4088
DBR_AFC	63120110	61799778	97.91	13.5200
DBR_AFD	79223809	75980611	95.91	17.2583
DBR_AFE	79970958	77851384	97.35	16.4209
DBR_AFF	63798557	60643292	95.05	13.5937
DBR_AFG	69017323	66497769	96.35	14.8453
DBR_AFH	61067061	58718538	96.15	13.3610
DBR_AFI	80818518	78103204	96.64	16.8936
DBR_AFJ	55869269	53494665	95.75	11.0985
DBR_AFK	76844230	75215352	97.88	16.3942
DBR_AFL	65421305	63391363	96.90	14.0627
DBR_AFM	64325288	61185984	95.12	13.8665
DBR_AFN	83099349	81806172	98.44	16.7731
DBR_AFO	57822592	56398332	97.54	12.1974
DBR_AFP	49041886	48595702	99.09	9.8887
DBR_AFQ	52197427	50646350	97.03	11.2070
DBR_AFR	55345625	54197576	97.93	11.3621
DBR_AFS	58338647	57277998	98.18	12.4692
DBR_AFT	70023075	67646571	96.61	14.8276
DBR_AFU	61634899	60400670	98.00	12.5695
DBR_AFV	76649905	73274722	95.60	15.7141
DBR_AFW	66357595	63141662	95.15	12.9752
DBR_AFX	38428513	36903862	96.03	8.4875
DBR_AFY	44127611	42211801	95.66	9.5072
DBR_AFZ	30809901	29479805	95.68	6.6528
DBR_AGA	98770974	88488568	89.59	19.5556
DBR_AGB	74582425	71151098	95.40	15.9456
DBR_AGC	67354133	64269107	95.42	14.7606
DBR_AGD	98852664	95993292	97.11	21.4186
DBR_AGE	65371128	63072200	96.48	14.3954
DBR_AGF	52964753	52038840	98.25	11.1758
DBR_AGG	80370116	76062533	94.64	16.8986
DBR_AGH	65498407	64513429	98.50	13.3246
DBR_AGI	75139808	72187741	96.07	16.4019
DBR_AGJ	66050507	64501143	97.65	14.7336
DBR_AGK	49558106	48278803	97.42	11.5487
DBR_AGL	72824650	70129673	96.30	16.3851
DBR_AGM	73193430	58683464	80.18	13.4915
DBR_AGN	302472898	220436511	72.88	21.4299
DBR_AGO	230532490	228497285	99.12	32.9711
DBR_AGP	332046849	267972048	80.70	20.6296
DBR_AGQ	296734077	234249072	78.94	20.1981
DBR_AGR	313038351	233171516	74.49	21.1829
DSW_AAAA	69507728	67190865	96.67	15.3888
DSW_AAAB	85003347	80451019	94.64	17.8227
DSW_AAAC	62811856	60468759	96.27	13.8170
DSW_AAAD	62714754	40302668	64.26	7.6636
DSW_AAAE	67837866	65092083	95.95	14.4237
DSW_AAAF	53380099	51257263	96.02	12.0326
DSW_AAAG	61557655	43650066	70.91	9.1470
DSW_AAAH	62663986	60891891	97.17	13.6888
DSW_AAAI	64534879	60776550	94.18	13.8189
DSW_AAAJ	66478943	49722381	74.79	10.0700
DSW_AAAK	63458071	55688049	87.76	11.7467
DSW_AAAL	51723518	49235608	95.19	11.0310
DSW_AAAM	52937481	50543819	95.48	11.5822
DSW_AAAN	54181977	52970358	97.76	11.1697
DSW_AAAO	73324248	29692594	40.49	0.9823
DSW_AAAP	62067757	59467944	95.81	13.7321
DSW_AAAQ	57629051	54567018	94.69	12.3248
DSW_AAAR	69914423	67592031	96.68	15.2610
DSW_AAAS	63577115	60718786	95.50	13.3966
DSW_AAAT	57153231	54557743	95.46	12.3673
DSW_AAAU	51072720	49445311	96.81	10.7800
DSW_AAAV	50282553	19478196	38.74	4.3114
DSW_AAAW	63941777	58107751	90.88	12.9066
DSW_AAAX	60803539	46140196	75.88	9.9808
DSW_AAAY	47854741	46128274	96.39	10.0086
DSW_AAAZ	64326792	49248904	76.56	10.6952
DSW_AABA	52675994	49406758	93.79	11.1539
DSW_AABB	51952035	50907029	97.99	11.0013
DSW_AABC	60401087	58609713	97.03	13.0575
DSW_AABD	58494558	28552047	48.81	6.2348
DSW_AABE	57818298	54642785	94.51	12.3250
DSW_AABF	62271300	61659826	99.02	12.9462
DSW_AABG	82534562	75867259	91.92	17.0904
DSW_AABH	59259356	57001184	96.19	13.1486
DSW_AABI	64115273	59569923	92.91	13.3654
DSW_AABJ	64384376	60718577	94.31	13.9120
DSW_AABK	76846828	71897801	93.56	16.3001
DSW_AABL	52159400	48970605	93.89	11.3895
DSW_AABM	58658195	55655469	94.88	12.5397
DSW_AABN	64510919	61356982	95.11	13.7940
DSW_AABO	87946991	46393609	52.75	2.1795
DSW_AABP	70581788	28728797	40.70	1.0877
DSW_AABQ	61862608	22605315	36.54	0.6394
DSW_AABR	75211375	20936437	27.84	0.4891
DSW_AABS	69733830	27580979	39.55	0.7604
DSW_AABT	53095297	7212475	13.58	0.2633
DSW_AABU	71834472	26449913	36.82	0.6913
DSW_AABV	59862004	19832008	33.13	0.3741
DSW_AABW	74213997	70882867	95.51	16.1864
DSW_AABX	70828555	65001077	91.77	14.8703
DSW_AABY	61578358	59344011	96.37	13.6932
DSW_AABZ	62325981	58635828	94.08	13.1920
DSW_AACA	73684791	55007574	74.65	11.8873
DSW_AACB	88220312	55124432	62.48	12.5613
DSW_AACC	61179829	58528101	95.67	13.3521
DSW_AACD	56583875	53618567	94.76	12.1038
DSW_AACE	74994819	67367999	89.83	15.2359
DSW_AACF	81035584	80011928	98.74	17.8481
DSW_AACG	72897951	69156082	94.87	16.0281
DSW_AACH	59616042	43999296	73.80	9.6645
DSW_AACI	61149187	60397566	98.77	13.7907
DSW_AACJ	60989703	59431898	97.45	13.6973
DSW_AACK	58708349	37009987	63.04	7.9149
DSW_AACL	52266631	50020079	95.70	11.2583
DSW_AACM	74841807	66904684	89.39	14.7832
DSW_AACN	75307464	46362560	61.56	9.5694
DSW_AACO	62569605	47662701	76.18	10.2099
DSW_AACP	57263988	50764316	88.65	10.8403
DSW_AACQ	71690448	68367608	95.37	14.6315
DSW_AACR	78938869	74948987	94.95	17.4898
DSW_AACS	69955731	67093406	95.91	15.2042
DSW_AACT	72878459	44335241	60.83	9.4037
DSW_AACU	68415709	61708646	90.20	13.6038
DSW_AACV	75656195	45937516	60.72	9.4948
DSW_AACW	68636013	41451249	60.39	8.6334
DSW_AACX	58122855	57187136	98.39	12.8498
DSW_AACY	62137077	60665947	97.63	13.6557
DSW_AACZ	70274162	67133712	95.53	15.2939
DSW_AADA	66157453	63780531	96.41	14.0017
DSW_AADB	69436132	65126089	93.79	14.7970
